{
  "project_info": {
    "project_number": "346122276879",
    "firebase_url": "https://taxifinder-2d432.firebaseio.com",
    "project_id": "taxifinder-2d432",
    "storage_bucket": "taxifinder-2d432.appspot.com"
  },
  "client": [
    {
      "client_info": {
        "mobilesdk_app_id": "1:346122276879:android:13c3c6a65bcbec53",
        "android_client_info": {
          "package_name": "com.example.myapplication"
        }
      },
      "oauth_client": [
        {
          "client_id": "346122276879-chqapd1cr8na8s1lfiok9bel62kve6h8.apps.googleusercontent.com",
          "client_type": 3
        }
      ],
      "api_key": [
        {
          "current_key": "AIzaSyDL7iURmUd5t3i0P6gkRqT4EVDUWulPnKI"
        }
      ],
      "services": {
        "analytics_service": {
          "status": 1
        },
        "appinvite_service": {
          "status": 1,
          "other_platform_oauth_client": []
        },
        "ads_service": {
          "status": 2
        }
      }
    }
  ],
  "configuration_version": "1"
}